name,type,ra,dec,pm_ra,pm_dec,v_mag,exp_time,exp_count,standard_type,expected_rv,seasonal_start,seasonal_end,calibration_type
HD16160,SIDEREAL,39.0204266,6.88678655,1777.0,1474.0,5.8,600.00,1,RV,25.874,10,12,NRES
HD76151,SIDEREAL,133.5747791,-5.43445736,-413.0,30.0,6,600.00,1,RV,32.036,1,3,NRES
HD126053,SIDEREAL,215.8136865,1.24156716,233.0,-478.0,6.2,600.00,1,RV,-29.68,4,6,NRES
HD210988,SIDEREAL,333.5596737,-5.74625853,79.0,7.0,7.8,900.00,1,RV,-9.4,7,9,NRES
HR9087,SIDEREAL,0.45603553,-3.02750263,19.08,-9.66,5.1,400.0,2,FLUX,0.0,6,1,NRES
HR1544,SIDEREAL,72.65301243,8.90018037,1.41,-29.91,4.35,300.0,2,FLUX,0.0,9,2,NRES
HR3454,SIDEREAL,130.8061458,3.39866297,-19.39,-1.08,4.3,300.0,2,FLUX,0.0,12,4,NRES
HR5501,SIDEREAL,221.375851,0.71727486,-41.63,-6.27,5.66,400.0,2,FLUX,0.0,3,7,NRES
HR7596,SIDEREAL,298.6866567,0.27362796,43.22,13.11,5.6,400.0,2,FLUX,0.0,5,10,NRES
